cluster_index,lat,lon,wealth,wealthpooled,wealthpooled5country,households,urban_rural
1,-13.323435581,35.236858481,0.598821997642517,0.643631815910339,0.425204426050186,20,1.0
2,-13.29826024,35.231074265,0.195391669869423,0.0294204223901033,-0.203372970223427,18,1.0
3,-13.282095195,35.249710023,0.68482893705368,0.757070958614349,0.529470384120941,19,1.0
4,-13.303713761,35.254499771,0.249648332595825,0.297700494527817,0.0740177184343338,18,1.0
5,-13.329656031,35.242420301,0.572613179683685,0.52837085723877,0.305246412754059,19,1.0
6,-13.322102086,35.252419648,-0.0966054946184158,-0.0690857097506523,-0.290966928005219,20,1.0
7,-13.343011122,35.255182711,-0.442877233028412,-0.381228446960449,-0.622326970100403,18,1.0
8,-14.8171857,36.531462043,0.301695495843887,0.374706298112869,0.136005863547325,20,1.0
9,-14.812220121,36.545847842,0.268343687057495,0.449534833431244,0.224170669913292,19,1.0
10,-14.791571794,36.505153666,-0.584452986717224,-0.533086121082306,-0.785448431968689,20,1.0
11,-14.81269375,36.530698813,2.06602358818054,2.17764401435852,1.94586086273193,20,1.0
12,-14.796782263,36.493755147,-0.592617988586426,-0.377078890800476,-0.626326560974121,20,1.0
13,-14.92331934,36.487441664,-0.755418419837952,-0.912812650203705,-1.16896224021912,25,0.0
14,-14.779970415,36.854046712,-0.626765668392181,-0.776968896389008,-1.0115270614624,23,0.0
15,-14.714743887,36.355397089,-0.632849216461182,-0.593596160411835,-0.850380003452301,25,0.0
16,-14.534840506,36.577564576,-0.713916420936584,-0.618165969848633,-0.875003099441528,25,0.0
17,-12.468074756,35.039292916,-0.774525225162506,-0.705495119094849,-0.964590668678284,25,0.0
18,-12.896502462,34.774758719,-0.722397983074188,-0.692418396472931,-0.935056209564209,25,0.0
19,-12.901291814,35.047734317,-0.689095616340637,-0.654019773006439,-0.916066825389862,25,0.0
20,-13.485818449,35.368433337,-0.765613198280334,-0.821963012218475,-1.06868636608124,25,0.0
21,-13.334324313,35.655303327,-0.615970015525818,-0.621294438838959,-0.856956124305725,25,0.0
22,-13.423462623,35.241912271,-0.698144018650055,-0.678365767002106,-0.928860723972321,25,0.0
23,-13.358725153,34.934615703,-0.674109160900116,-0.576713144779205,-0.839274406433105,24,0.0
24,-13.328523371,35.93254887,-0.693233966827393,-0.595246911048889,-0.851033806800842,25,0.0
25,-14.348144044,35.646621375,-0.620894491672516,-0.403571784496307,-0.648992478847504,20,1.0
26,-14.239180647,35.670885196,-0.698273599147797,-0.793169260025024,-1.02642977237701,25,0.0
27,-14.38847736,35.758768745,-0.728870809078217,-0.852737247943878,-1.08886110782623,25,0.0
28,-14.582655201,35.849127215,-0.673171579837799,-0.703462481498718,-0.948533713817596,25,0.0
29,-14.221321231,35.522822156,-0.574503183364868,-0.492937356233597,-0.736195147037506,25,0.0
30,-14.133258746,35.937588433,-0.38711479306221,-0.349098265171051,-0.593518495559692,25,0.0
31,-13.176917748,37.519771103,-0.731093525886536,-0.765234291553497,-1.0128561258316,20,1.0
32,-13.20896279,37.483275722,-0.19157449901104,-0.185899436473846,-0.417916119098663,20,1.0
33,-13.081758124,37.611042744,-0.697770416736603,-0.740433216094971,-0.995274186134338,25,0.0
34,-13.42618028,37.942269499,-0.76034677028656,-0.855621039867401,-1.10232543945312,25,0.0
35,-13.906653325,37.102116786,-0.750392019748688,-0.853883743286133,-1.10563778877258,25,0.0
36,-14.02933633,37.170726571,-0.72450202703476,-0.71670937538147,-0.980462253093719,25,0.0
37,-12.616664898,36.521724902,-0.587949991226196,-0.565005242824554,-0.835094630718231,25,0.0
38,-15.32039596,35.881876001,-0.732307195663452,-0.668182075023651,-0.906451463699341,25,0.0
39,-15.384984415,35.960551423,-0.73351639509201,-0.736543893814087,-1.00643384456635,25,0.0
40,-15.390320223,36.210072027,-0.625224411487579,-0.517582178115845,-0.7856605052948,25,0.0
41,-14.981563796,35.886731563,-0.734318792819977,-0.505947589874268,-0.752249121665955,25,0.0
42,-14.925195904,36.180098804,-0.272515207529068,-0.135534033179283,-0.380217015743256,25,0.0
43,-12.487931516,37.64354021,-0.579840004444122,-0.560296297073364,-0.803760170936584,25,0.0
44,-14.343412079,37.412373982,-0.651373207569122,-0.646087944507599,-0.894953668117523,25,0.0
45,-13.119840958,35.650115266,-0.641181230545044,-0.600853800773621,-0.867665410041809,24,0.0
46,-13.885069688,35.371536965,-0.584600806236267,-0.495539426803589,-0.759480595588684,25,0.0
47,-13.987903114,35.479049034,-0.705958008766174,-0.609352588653564,-0.873925507068634,25,0.0
48,-13.738943412,35.578663646,-0.578774809837341,-0.504555583000183,-0.781673908233643,25,0.0
49,-12.82997988,35.433311278,-0.641649603843689,-0.554791867733002,-0.814552068710327,25,0.0
50,-12.952796675,35.208330558,-0.657829165458679,-0.736379504203796,-0.962494909763336,24,0.0
51,-11.77934706,35.439354641,-0.679698407649994,-0.55968713760376,-0.806490123271942,25,0.0
52,-12.969026473,40.509542898,1.17536652088165,0.982621908187866,0.770807206630707,20,1.0
53,-12.988597555,40.54581777,1.24310147762299,1.18404281139374,0.974809110164642,20,1.0
54,-12.973055436,40.520684472,1.27550160884857,1.10798525810242,0.87930166721344,19,1.0
55,-12.986276731,40.531475756,0.212271004915237,-0.154239729046822,-0.380485981702805,20,1.0
56,-12.963466,40.498308,1.7597404718399,1.74558877944946,1.52467477321625,20,1.0
57,-12.947720587,39.881269392,-0.379334002733231,-0.252846151590347,-0.507981300354004,25,0.0
58,-12.965156543,39.820120506,-0.664304554462433,-0.550732910633087,-0.792231976985931,24,0.0
59,-12.957561664,39.706760182,-0.700431227684021,-0.562831163406372,-0.829171895980835,25,0.0
60,-13.074914146,39.585159872,-0.831123352050781,-0.737540006637573,-1.01720488071442,24,0.0
61,-13.371376462,38.563739194,-0.153550803661346,-0.128604114055634,-0.34344807267189,25,0.0
62,-13.257890659,38.582047146,-0.725271224975586,-0.554037868976593,-0.813293695449829,25,0.0
63,-13.427962916,38.466171507,-0.7727991938591,-0.624536514282227,-0.886588215827942,25,0.0
64,-13.470819799,38.560193219,-0.75699120759964,-0.648828268051147,-0.918008863925934,25,0.0
65,-13.372514614,39.77060199,-0.535532474517822,-0.449647486209869,-0.68265825510025,20,1.0
66,-13.392036228,39.709009562,-0.852007508277893,-0.71173757314682,-0.988276839256287,20,1.0
67,-13.378592876,39.615958195,-0.814869999885559,-0.690747320652008,-0.958691120147705,25,0.0
68,-13.496846883,40.041000596,-0.80982118844986,-0.937949657440186,-1.19163644313812,25,0.0
69,-13.398416282,40.223545794,-0.790481984615326,-0.685165524482727,-0.951936841011047,25,0.0
70,-13.722053827,39.377328337,-0.644555568695068,-0.577866494655609,-0.858262717723846,25,0.0
71,-13.573744817,39.814710673,-0.750109195709229,-0.745108425617218,-1.02656877040863,25,0.0
72,-12.220275794,40.148487508,-0.68258798122406,-0.584500014781952,-0.852335393428802,20,1.0
73,-12.339437804,40.140775763,-0.622687578201294,-0.501864671707153,-0.76264762878418,25,0.0
74,-12.170169447,40.472048398,-0.748107612133026,-0.732869863510132,-1.02299678325653,25,0.0
75,-13.313525526,40.562266384,-0.626321613788605,-0.455571383237839,-0.724756002426147,25,0.0
76,-13.120594179,40.51404437,-0.666816771030426,-0.575479388237,-0.858283936977386,25,0.0
77,-11.368729858,40.335167475,-0.492582499980927,-0.502109825611115,-0.752637207508087,20,1.0
78,-11.341654,40.359354,-0.341501504182816,-0.343933701515198,-0.568693995475769,20,1.0
79,-11.409377621,40.19061006,-0.65478640794754,-0.676276803016663,-0.935522496700287,25,0.0
80,-11.408286413,40.226995704,-0.799138367176056,-0.912779092788696,-1.14940929412842,25,0.0
81,-13.129183333,39.000414538,0.454515993595123,0.600725054740906,0.384454250335693,20,1.0
82,-13.137225199,39.017211297,-0.6961669921875,-0.511190235614777,-0.777946650981903,20,1.0
83,-13.108163373,39.010657436,-0.572602510452271,-0.509068071842194,-0.756821632385254,20,1.0
84,-13.184714707,38.906349137,-0.761175990104675,-0.658843338489532,-0.927356064319611,25,0.0
85,-13.266219031,39.0760485,-0.81012362241745,-0.718210756778717,-0.992017090320587,25,0.0
86,-13.06501672,38.771040386,-0.747593224048615,-0.557069003582001,-0.81634134054184,25,0.0
87,-13.011692874,39.121370649,-0.763727188110352,-0.613934397697449,-0.891195178031921,25,0.0
88,-11.67035083,39.581115273,-0.494232505559921,-0.571930766105652,-0.852967083454132,20,1.0
89,-11.691980918,39.663058002,-0.700503170490265,-0.699952244758606,-0.968168258666992,25,0.0
90,-11.764670549,39.488997053,-0.711152791976929,-0.782601535320282,-1.03094410896301,25,0.0
91,-11.137917445,39.458415356,-0.44922399520874,-0.362625628709793,-0.587599873542786,25,0.0
92,-11.880237528,39.749281655,-0.588405191898346,-0.634454607963562,-0.866081833839417,25,0.0
93,-11.781900259,39.711289739,-0.556900799274445,-0.710997402667999,-0.955223619937897,25,0.0
94,-13.536769326,38.793501743,-0.79541677236557,-0.71056067943573,-0.988843619823456,25,0.0
95,-13.574622652,38.779094482,-0.820757627487183,-0.823593854904175,-1.10596251487732,25,0.0
96,-13.508395181,38.916217929,-0.772177219390869,-0.768172562122345,-1.04335761070251,25,0.0
97,-14.10373317,38.760762365,-0.831873595714569,-0.807392776012421,-1.10084187984467,25,0.0
98,-13.40326349,39.195027484,-0.813351213932037,-0.827708303928375,-1.11493694782257,25,0.0
99,-13.789669629,38.55799442,-0.793068408966064,-0.729267835617065,-1.00925755500793,25,0.0
100,-10.995192544,39.579650462,-0.734929621219635,-0.688612282276154,-0.951986789703369,25,0.0
101,-11.385931725,39.66633904,-0.632769227027893,-0.722388505935669,-0.994236648082733,25,0.0
103,-10.585264,40.520425,-0.80700558423996,-0.706996381282806,-0.98610907793045,25,0.0
104,-12.983281046,40.297338121,-0.712101578712463,-0.575267374515533,-0.86186695098877,25,0.0
105,-13.132001287,40.263260102,-0.636076390743256,-0.552945971488953,-0.811178803443909,25,0.0
106,-12.654600531,40.021377371,-0.795289993286133,-0.811720311641693,-1.07691931724548,25,0.0
107,-15.137250013,39.268661162,0.171191498637199,0.20518983900547,-0.0285263806581497,20,1.0
108,-15.147973159,39.205497509,-0.673769474029541,-0.597580254077911,-0.877834916114807,20,1.0
109,-15.130916546,39.26041503,0.608217775821686,0.445462107658386,0.219982221722603,18,1.0
110,-15.11539628,39.283418158,1.08398544788361,1.12856698036194,0.914803504943848,20,1.0
111,-15.097473962,39.28729215,0.0135590033605695,-0.124405592679977,-0.370009958744049,20,1.0
112,-15.102071746,39.272113463,2.05623960494995,1.90589821338654,1.69161891937256,20,1.0
113,-15.11162034,39.255796064,1.53644800186157,1.39046800136566,1.17908799648285,20,1.0
114,-15.116798755,39.246152113,0.431032985448837,0.4239162504673,0.190697193145752,20,1.0
115,-16.236662722,39.928286787,-0.447643488645554,-0.183266073465347,-0.47577902674675,20,1.0
116,-16.398281936,39.892370832,-0.731574416160583,-0.637785017490387,-0.920223236083984,25,0.0
117,-15.97901072,39.697614273,-0.592276394367218,-0.380765587091446,-0.63859748840332,25,0.0
118,-15.959529308,39.818836407,-0.833317577838898,-0.733758628368378,-1.01736307144165,25,0.0
119,-13.681782143,39.869967622,-0.857775986194611,-0.879643261432648,-1.11264038085938,20,1.0
120,-13.596339035,40.03889521,-0.782278418540955,-0.690994262695312,-0.936371803283691,25,0.0
121,-14.034129487,39.763733986,-0.807983994483948,-0.734670877456665,-1.00757133960724,25,0.0
122,-13.826578119,39.597850416,-0.779860377311707,-0.680495738983154,-0.948994159698486,25,0.0
123,-15.050373182,40.610092866,-0.738368988037109,-0.663459539413452,-0.939973294734955,20,1.0
124,-14.203899444,38.589919181,-0.743155598640442,-0.793128430843353,-1.02705788612366,25,0.0
125,-14.939844524,37.526996426,-0.754332423210144,-0.742002785205841,-0.987330436706543,25,0.0
126,-14.909634468,36.954221083,-0.861869513988495,-0.719645500183105,-0.981398046016693,20,1.0
127,-15.018547675,39.808635356,-0.72916042804718,-0.634925305843353,-0.920730113983154,25,0.0
128,-14.903340623,39.993159356,-0.373623996973038,-0.246876299381256,-0.50814425945282,25,0.0
129,-14.591947106,38.751752181,-0.798654794692993,-0.682724118232727,-0.944257736206055,25,0.0
130,-14.212540792,38.73515804,-0.702018737792969,-0.555818915367126,-0.826725661754608,24,0.0
131,-14.285402278,40.461765869,-0.763029217720032,-0.77270370721817,-1.02507424354553,25,0.0
132,-14.332640548,40.653553649,-0.787976801395416,-0.628925621509552,-0.905488610267639,25,0.0
133,-13.9732418,40.231601362,-0.807209193706512,-0.828988909721375,-1.10512387752533,25,0.0
134,-15.674426067,40.290890972,-0.836553573608398,-0.691704988479614,-0.969929158687592,25,0.0
135,-15.402257443,40.091975416,-0.766551196575165,-0.589516818523407,-0.867412447929382,25,0.0
136,-15.595393737,39.350921808,-0.824826002120972,-0.661874353885651,-0.932631850242615,20,1.0
137,-15.759498072,39.515649131,-0.769721627235413,-0.659255564212799,-0.949829638004303,25,0.0
138,-15.869973578,39.002657502,-0.816523194313049,-0.695806682109833,-0.977413237094879,25,0.0
139,-15.737899394,39.580626267,-0.800948023796082,-0.681189596652985,-0.96261990070343,25,0.0
140,-16.757524942,39.225272565,-0.598532974720001,-0.500809967517853,-0.768534302711487,20,1.0
141,-16.799053799,39.158820286,-0.660338401794434,-0.556885063648224,-0.826282382011414,25,0.0
142,-16.62806658,39.20637875,-0.781202018260956,-0.677728414535522,-0.957306385040283,25,0.0
143,-16.148551995,39.17571965,-0.773532390594482,-0.619365036487579,-0.905924737453461,25,0.0
144,-16.447130001,39.742760628,-0.834176778793335,-0.753903865814209,-1.03474140167236,25,0.0
145,-14.889566235,40.331403643,-0.225586503744125,-0.0481944307684898,-0.309280574321747,20,1.0
146,-14.841513141,40.182102342,-0.679660379886627,-0.738411366939545,-1.00580787658691,25,0.0
147,-14.788990581,40.384223029,-0.670477986335754,-0.672307074069977,-0.938499629497528,25,0.0
148,-14.785645038,40.03893156,-0.688888788223267,-0.617298126220703,-0.896449983119965,25,0.0
149,-14.807702801,40.466834447,-0.71340799331665,-0.548717021942139,-0.814736247062683,25,0.0
150,-14.71329887,40.68579238,-0.557318031787872,-0.465478479862213,-0.723996996879578,25,0.0
151,-14.684414208,39.533678798,-0.797969222068787,-0.734893620014191,-1.00169408321381,25,0.0
152,-15.519873606,38.759255734,-0.787006258964539,-0.748386859893799,-1.01772046089172,24,0.0
153,-15.652643836,38.797864464,-0.82190877199173,-0.883434236049652,-1.14874410629272,25,0.0
154,-14.514221041,40.688094278,0.125108003616333,0.271234512329102,0.0289014931768179,20,1.0
155,-14.570432254,40.699914255,0.744546473026276,0.769212067127228,0.539699375629425,20,1.0
156,-14.561618621,40.714462282,0.213579505681992,0.221967354416847,-0.0143135534599423,20,1.0
157,-14.487954964,40.80061116,-0.397060006856918,-0.278452038764954,-0.54514354467392,20,1.0
158,-14.592302196,40.615959333,-0.249929502606392,-0.0446896925568581,-0.303950399160385,20,1.0
159,-14.387612239,40.402568274,-0.805474817752838,-0.748816668987274,-1.02134084701538,25,0.0
160,-14.476428075,39.858250759,-0.719934403896332,-0.609369397163391,-0.880276441574097,25,0.0
161,-15.048845487,39.11327216,-0.225988000631332,-0.183191210031509,-0.419616132974625,25,0.0
162,-15.10321225,39.572011715,-0.788408756256104,-0.721115112304688,-0.980388283729553,24,0.0
163,-15.012337161,38.838204639,-0.768749177455902,-0.763391673564911,-1.03410160541534,24,0.0
164,-15.040021813,38.381221842,-0.557358026504517,-0.372289955615997,-0.64745706319809,25,0.0
165,-15.101739627,38.033579106,-0.891109526157379,-0.741137385368347,-0.997190237045288,20,1.0
166,-14.967064117,38.065154479,-0.779096782207489,-0.775112867355347,-1.03258323669434,25,0.0
167,-17.858729647,36.895122553,1.08932900428772,1.10434353351593,0.898899435997009,20,1.0
168,-17.887422166,36.906519159,-0.252842485904694,-0.319469422101974,-0.611241638660431,20,1.0
169,-17.855565649,36.904392459,0.717973470687866,0.540079772472382,0.30715337395668,20,1.0
170,-17.845529066,36.896083995,0.724750518798828,0.656831979751587,0.432215958833694,20,1.0
171,-15.404243384,37.656491665,-0.809440791606903,-0.838314175605774,-1.09100294113159,25,0.0
172,-15.937084811,37.696775858,-0.801474392414093,-0.843767881393433,-1.10050010681152,25,0.0
173,-15.160981398,37.493466056,-0.756466805934906,-0.792789161205292,-1.05158853530884,25,0.0
174,-18.598374551,36.442382984,-0.783712029457092,-0.866754949092865,-1.15773677825928,20,1.0
175,-18.486145767,36.191086592,-0.822537183761597,-0.886362433433533,-1.16225671768188,25,0.0
176,-16.11029031,38.408456731,-0.821530818939209,-0.832192182540894,-1.09678447246552,25,0.0
177,-15.951675192,38.329530121,-0.795043230056763,-0.73692923784256,-0.995553374290466,25,0.0
178,-15.72647122,38.612817427,-0.821149170398712,-0.884932279586792,-1.13901889324188,24,0.0
179,-15.435585831,36.885138016,-0.580851018428802,-0.54899138212204,-0.790176391601562,20,1.0
180,-15.772326042,36.955984446,-0.784117519855499,-0.741037607192993,-0.993279635906219,20,1.0
181,-15.172569495,37.252932118,-0.705407857894897,-0.775412738323212,-1.024489402771,23,0.0
182,-15.761862693,37.035247132,-0.731665194034576,-0.667446494102478,-0.925937652587891,25,0.0
183,-15.998875207,37.552522765,-0.786069989204407,-0.879093170166016,-1.13768315315247,25,0.0
184,-16.185780198,37.398924879,-0.794539213180542,-0.772599041461945,-1.03509986400604,25,0.0
185,-16.360096395,37.487420914,-0.784482002258301,-0.825852155685425,-1.07356691360474,25,0.0
186,-15.823977005,37.145891237,-0.816227972507477,-0.954135358333588,-1.1989506483078,25,0.0
187,-18.073352782,36.938490298,-0.777300417423248,-0.75421553850174,-1.03512740135193,25,0.0
188,-16.432262478,36.826515888,-0.700006783008575,-0.602981388568878,-0.869565665721893,25,0.0
189,-16.754214016,37.008043631,-0.733465969562531,-0.840165376663208,-1.05702590942383,25,0.0
190,-16.152837898,36.218812769,-0.834942936897278,-1.0425112247467,-1.29052221775055,24,0.0
191,-17.365404931,37.517912371,-0.798162400722504,-0.832398474216461,-1.12044906616211,25,0.0
192,-17.111578904,37.864848188,-0.850759208202362,-0.840211093425751,-1.11683225631714,25,0.0
193,-16.938215992,37.960462203,-0.859338819980621,-0.838831782341003,-1.11266994476318,25,0.0
194,-17.510618898,37.432983417,-0.825766801834106,-0.885722517967224,-1.18013715744019,25,0.0
195,-16.092300684,35.750611198,-0.0315874963998795,0.123533263802528,-0.107252098619938,20,1.0
196,-16.163933656,35.781355565,-0.649056792259216,-0.576665639877319,-0.836424589157104,25,0.0
197,-16.387347524,36.269308103,-0.83513879776001,-0.991325795650482,-1.25617802143097,25,0.0
198,-16.220780622,35.641183514,-0.71132880449295,-0.69255656003952,-0.958437442779541,25,0.0
199,-16.331399307,35.319251032,-0.733886003494263,-0.757534801959991,-1.0005156993866,25,0.0
200,-15.860653648,36.492473737,-0.814360797405243,-0.857659876346588,-1.11644291877747,25,0.0
201,-16.327724352,35.588533986,-0.777072012424469,-0.869090855121613,-1.1272646188736,25,0.0
202,-16.43726061,35.898904552,-0.792074799537659,-0.762616038322449,-1.0442795753479,25,0.0
203,-16.852342289,36.962927163,0.0001235008239746,-0.107830032706261,-0.343595176935196,20,1.0
204,-16.829252148,37.245268697,-0.888390481472015,-0.874203205108643,-1.10309636592865,20,1.0
205,-16.522382528,37.171250173,-0.67345666885376,-0.728758931159973,-0.97818648815155,24,0.0
206,-16.812275658,36.268108001,-0.801565825939178,-0.812043964862823,-1.08109128475189,24,0.0
207,-17.908829885,35.854811755,-0.847755610942841,-0.874527215957642,-1.1597512960434,25,0.0
208,-17.32497541,35.60138925,-0.681685984134674,-0.575038909912109,-0.833831071853638,20,1.0
209,-17.385337462,35.795029702,-0.827016413211823,-0.894951581954956,-1.15006577968597,25,0.0
210,-17.116689159,35.686735368,-0.799207210540771,-0.774414598941803,-1.03904950618744,25,0.0
211,-16.636699187,35.311791777,-0.691922008991241,-0.591077268123627,-0.849340617656708,25,0.0
212,-16.912449414,36.069452767,-0.798185169696808,-0.944463312625885,-1.20936298370361,25,0.0
213,-17.362980713,35.355725699,-0.708447575569153,-0.656448006629944,-0.923321425914764,25,0.0
214,-17.56038546,36.922147118,-0.732130825519562,-0.761634349822998,-1.04857242107391,25,0.0
215,-17.527895611,37.257757616,-0.763260424137115,-0.881251215934753,-1.16055107116699,25,0.0
216,-15.955871117,36.931643089,-0.759462773799896,-0.826495766639709,-1.0849791765213,25,0.0
217,-16.068177972,37.06736076,-0.672002375125885,-0.644873797893524,-0.915104389190674,25,0.0
218,-17.612357641,36.785498999,0.424486011266708,0.410654991865158,0.170695587992668,25,0.0
219,-17.71155683,36.96048586,-0.818514406681061,-0.830837249755859,-1.11350631713867,25,0.0
220,-17.71728616,37.173253985,-0.779152810573578,-0.834940671920776,-1.11827850341797,25,0.0
221,-17.785125497,37.019827968,-0.649634778499603,-0.602199018001556,-0.867863357067108,25,0.0
222,-17.095096009,38.170756784,-0.830924808979034,-0.778618037700653,-1.05913901329041,25,0.0
223,-17.036199013,38.516702423,-0.84621399641037,-0.815398573875427,-1.10230791568756,25,0.0
224,-16.848771039,39.099900991,-0.842288434505463,-0.746372163295746,-1.02846658229828,25,0.0
225,-16.149393055,33.57456963,1.59362101554871,1.55511844158173,1.33320486545563,20,1.0
226,-16.168095698,33.596404925,1.96632850170135,2.06862616539001,1.8500509262085,20,1.0
227,-16.16211573,33.563186697,0.43954798579216,0.254938006401062,0.0413096211850643,20,1.0
228,-16.137772147,33.605673903,0.521899521350861,0.398728996515274,0.1674445271492,20,1.0
229,-16.155532106,33.628583736,1.4709244966507,1.43781566619873,1.2155487537384,20,1.0
230,-16.169755398,33.591678847,0.938054502010345,0.607798099517822,0.396897077560425,20,1.0
231,-14.71020443,34.342651589,0.408771514892578,0.363117516040802,0.160047501325607,20,1.0
232,-14.392828457,34.353195251,-0.530190408229828,-0.721658289432526,-0.940304160118103,25,0.0
233,-14.712342051,34.257633399,-0.690258383750916,-0.789499402046204,-1.05284941196442,25,0.0
234,-14.627883712,34.256072029,-0.661979615688324,-0.741266667842865,-0.985833406448364,25,0.0
235,-14.599254096,34.462291749,-0.489144802093506,-0.637832462787628,-0.904859900474548,25,0.0
236,-14.546841842,34.048317958,-0.625222384929657,-0.895550847053528,-1.12271642684937,25,0.0
237,-14.498672793,34.229018028,-0.62328839302063,-0.601081669330597,-0.843693137168884,25,0.0
238,-14.556646298,34.150142661,-0.450249195098877,-0.549895048141479,-0.805090546607971,25,0.0
239,-14.524886989,33.9119606,-0.615195572376251,-0.546375334262848,-0.809890806674957,25,0.0
240,-15.615543899,32.774854663,0.790090024471283,0.712572157382965,0.483256876468658,20,1.0
241,-15.676944236,32.706257149,-0.793164014816284,-1.02573025226593,-1.27039730548859,25,0.0
242,-16.99096728,32.952595825,-0.748691260814667,-0.903020679950714,-1.14649319648743,24,0.0
243,-16.444214126,33.035506033,-0.517156779766083,-0.446434766054153,-0.704025864601135,25,0.0
244,-16.012293586,33.454170902,-0.238113597035408,-0.510226905345917,-0.743969798088074,25,0.0
245,-16.15143496,33.149615881,-0.688993215560913,-0.639516055583954,-0.895965814590454,25,0.0
246,-14.104545848,33.026818769,-0.624184370040894,-0.636953473091125,-0.89632660150528,25,0.0
247,-14.114840503,33.288782059,-0.645941197872162,-0.74177086353302,-0.990072906017303,25,0.0
248,-14.762142936,32.58160764,-0.837026000022888,-0.865611493587494,-1.14506793022156,25,0.0
249,-15.383867454,33.229274638,-0.528499186038971,-0.440288662910461,-0.702806770801544,25,0.0
250,-15.646150877,33.274128584,-0.806921184062958,-0.823668122291565,-1.09953224658966,25,0.0
251,-14.652927482,33.689455406,-0.738384783267975,-0.820068299770355,-1.0704972743988,25,0.0
252,-15.074429208,33.458018874,-0.815445601940155,-0.904055893421173,-1.17326951026917,25,0.0
253,-15.777400921,31.77536421,0.469263583421707,0.588436007499695,0.362267017364502,25,0.0
254,-16.173620526,31.669820041,-0.539159178733826,-0.708502173423767,-0.963090002536774,25,0.0
255,-15.08276877,31.860429921,-0.717967212200165,-0.838424384593964,-1.11413526535034,25,0.0
256,-14.391294647,32.197246175,-0.751830399036407,-1.01097941398621,-1.24670624732971,24,0.0
257,-16.107659535,33.73810924,0.967917025089264,0.669060587882996,0.450456172227859,20,1.0
258,-16.102592504,33.678186391,1.01603364944458,0.875360190868378,0.662273705005646,19,1.0
259,-16.054049078,33.621260195,-0.336808323860168,-0.515053808689117,-0.736770749092102,24,0.0
260,-15.8773225,34.060921071,-0.772644400596619,-0.799870550632477,-1.02178132534027,25,0.0
261,-15.560468,34.437362,-0.277599990367889,-0.200156524777412,-0.420623630285263,25,0.0
262,-15.508909189,34.263092281,-0.702295184135437,-0.658746957778931,-0.90892493724823,25,0.0
263,-15.665610502,33.993207121,-0.831443727016449,-0.910157203674316,-1.1670013666153,24,0.0
264,-16.905769,35.129294,-0.715640008449554,-0.812179684638977,-1.05715084075928,25,0.0
265,-17.170083943,35.089679654,-0.833906412124634,-0.924981117248535,-1.1848361492157,25,0.0
266,-16.548116316,34.532313049,-0.871142387390137,-1.00466418266296,-1.27501547336578,25,0.0
267,-17.588840019,35.291379214,-0.788959622383118,-0.862425267696381,-1.11267554759979,25,0.0
268,-17.592849519,35.187310767,-0.725814819335938,-0.637340605258942,-0.903258204460144,25,0.0
269,-14.811499108,34.423640026,-0.629912376403809,-0.682365477085114,-0.944567263126373,25,0.0
270,-14.956001176,34.479861446,-0.669407606124878,-0.755208194255829,-1.02096676826477,25,0.0
271,-14.944532418,34.200922086,-0.752098381519318,-0.778900325298309,-1.01585960388184,25,0.0
272,-15.22975855,34.312261798,-0.450270414352417,-0.414156407117844,-0.644834458827972,25,0.0
273,-14.756469029,31.122176785,-0.742384374141693,-0.890103280544281,-1.12130725383759,25,0.0
274,-15.735525568,32.681109507,-0.755662798881531,-0.977951526641846,-1.22561204433441,25,0.0
275,-19.108585446,33.476333203,1.4978631734848,1.40530323982239,1.20307374000549,19,1.0
276,-19.11544027,33.457635442,0.581826329231262,0.349296540021896,0.139404162764549,19,1.0
277,-19.061079645,33.445366073,-0.278066009283066,-0.100588984787464,-0.317907065153122,20,1.0
278,-19.088828997,33.487201833,1.23492884635925,1.21058917045593,0.994517266750336,18,1.0
279,-19.096038168,33.49320202,0.687403976917267,0.48821422457695,0.276275664567947,20,1.0
280,-19.087297787,33.503280845,-0.268403500318527,-0.201875045895576,-0.432544976472855,20,1.0
281,-19.098043144,33.497405119,-0.210316002368927,-0.0104583203792572,-0.219732820987701,20,1.0
282,-19.140230558,33.464287315,0.709547996520996,0.632938385009766,0.426943004131317,20,1.0
283,-19.123859975,33.480435148,1.17148447036743,1.20092451572418,1.00969052314758,20,1.0
284,-19.137624819,33.481510563,0.380711048841476,0.339264661073685,0.122718535363674,19,1.0
285,-19.143799895,33.487602971,-0.0089654978364706,0.0400141663849354,-0.164383590221405,20,1.0
286,-18.063806234,33.161070626,0.304580479860306,0.331197917461395,0.104322731494904,20,1.0
287,-18.222695054,33.229582765,-0.522321581840515,-0.359927505254745,-0.589628100395203,25,0.0
288,-18.349782052,33.187444219,-0.114525198936462,0.0097344005480408,-0.19734226167202,25,0.0
289,-17.685947985,33.269048684,-0.618600010871887,-0.432203590869904,-0.652182161808014,25,0.0
290,-17.590928452,33.268801853,-0.301103204488754,-0.127018466591835,-0.341335356235504,25,0.0
291,-19.087643521,33.658451029,0.173886999487877,0.0769926086068153,-0.145087867975235,20,1.0
292,-19.07107533,33.648488357,-0.507707476615906,-0.234262511134148,-0.478062033653259,20,1.0
293,-19.033769567,33.93437317,-0.741954386234283,-0.607013344764709,-0.853874742984772,25,0.0
294,-18.982743467,33.740677542,-0.639916002750397,-0.38744780421257,-0.637378931045532,25,0.0
295,-19.223194121,33.886958094,-0.196131199598312,-0.282813549041748,-0.483580619096756,25,0.0
296,-19.325693489,33.868552664,-0.424968808889389,-0.236194118857384,-0.453445881605148,25,0.0
297,-19.441123285,33.43601179,-0.665874779224396,-0.490318268537521,-0.731505036354065,25,0.0
298,-18.851852865,33.451064731,-0.772153615951538,-0.496286809444427,-0.74887228012085,25,0.0
299,-19.002404451,33.486519979,-0.404374808073044,-0.255287438631058,-0.501584470272064,25,0.0
300,-17.498706722,33.318889183,-0.641471207141876,-0.331673234701157,-0.568370938301086,25,0.0
301,-17.101103883,33.634745633,-0.682852387428284,-0.504604518413544,-0.757625579833984,25,0.0
302,-20.8245447,33.412969718,-0.499505996704102,-0.317604005336761,-0.567995309829712,25,0.0
303,-20.813288649,33.373943557,-0.117131993174553,-0.0595319196581841,-0.283214569091797,25,0.0
304,-21.30935764,33.279868337,-0.398345202207565,-0.248309746384621,-0.510457217693329,25,0.0
305,-21.308343949,33.302175342,-0.0111959977075458,0.112568616867065,-0.139273092150688,25,0.0
306,-17.905456552,33.933719416,0.697206377983093,0.539580464363098,0.33652475476265,25,0.0
307,-18.939993751,32.843297801,0.219377994537354,0.328777343034744,0.126795172691345,20,1.0
308,-18.991375224,32.720748237,1.25553548336029,1.20669651031494,1.0125253200531,20,1.0
309,-18.845129316,32.84358725,-0.18242159485817,0.0397920496761799,-0.180156096816063,25,0.0
310,-19.056406424,33.113942172,-0.627461612224579,-0.468015998601913,-0.716259062290192,25,0.0
311,-18.653753533,33.015389734,-0.180181249976158,0.0817831456661224,-0.13680200278759,24,0.0
312,-18.935765924,33.17629931,-0.475698411464691,-0.271646469831467,-0.495177358388901,25,0.0
313,-19.093875367,33.18505827,-0.260206788778305,-0.154680252075195,-0.379690647125244,25,0.0
314,-20.45039039,32.797530583,0.242310002446175,0.370819658041,0.169297486543655,25,0.0
315,-20.612212573,32.720967018,-0.301785826683044,0.0005885328282602,-0.203658506274223,24,0.0
316,-20.706185275,32.801073591,-0.171285599470139,-0.0732275098562241,-0.290048182010651,25,0.0
317,-20.741009669,32.561095097,-0.521015226840973,-0.291023641824722,-0.530368268489838,25,0.0
318,-20.280404999,33.003288719,0.199537202715874,0.211923733353615,0.0059088305570185,25,0.0
319,-20.246033534,32.908318935,-0.246858403086662,-0.105729885399342,-0.342017590999603,25,0.0
320,-20.458527467,32.738472979,-0.198888391256332,0.0092233130708336,-0.199016988277435,25,0.0
321,-19.382851396,33.321603409,-0.415098398923874,-0.184737518429756,-0.41630232334137,25,0.0
322,-19.949958897,33.435466196,-0.625555992126465,-0.472320139408112,-0.70279198884964,25,0.0
323,-19.951188688,33.413091326,-0.130526795983315,0.112327180802822,-0.100585520267487,25,0.0
324,-19.27883001,32.909912006,-0.466657072305679,-0.404016464948654,-0.633195757865906,24,0.0
325,-17.23834861,34.16551201,-0.760706424713135,-0.679173409938812,-0.912964940071106,25,0.0
326,-19.841384619,34.836137369,0.17649944126606,-0.318460673093796,-0.565209209918976,18,1.0
327,-19.840766004,34.859262298,2.2155134677887,2.34465670585632,2.12448620796204,20,1.0
328,-19.843936636,34.847702011,2.08593440055847,2.21009302139282,2.01530647277832,20,1.0
329,-19.839222492,34.879963936,1.87744700908661,1.74992954730988,1.55141091346741,20,1.0
330,-19.835444475,34.851073186,1.74011898040771,1.38698995113373,1.19743132591248,20,1.0
331,-19.842581461,34.858337922,2.06335806846619,1.97003710269928,1.77577090263367,20,1.0
332,-19.844316795,34.84134296,1.89952838420868,1.67976307868958,1.47585022449493,19,1.0
333,-19.806228114,34.86000297,0.768597483634949,0.196619614958763,-0.0159819070249796,20,1.0
334,-19.80398055,34.880426285,0.990453481674194,0.433502405881882,0.231326773762703,20,1.0
335,-19.803689438,34.880370728,1.04257154464722,0.554918527603149,0.355975955724716,20,1.0
336,-19.746263725,34.842984075,0.758461475372314,0.216536357998848,0.0015247336123138,20,1.0
337,-19.762925903,34.876790881,1.54363703727722,1.29187917709351,1.07975804805756,20,1.0
338,-19.751669236,34.864546303,1.30562496185303,0.926688432693481,0.727912425994873,20,1.0
339,-19.763118188,34.860417789,1.21190845966339,0.724167048931122,0.528096854686737,20,1.0
340,-19.745173205,34.844344728,0.335525006055832,0.0069609060883522,-0.223120987415314,20,1.0
341,-19.786181995,34.875186618,0.991474509239197,0.532311916351318,0.326546967029572,20,1.0
342,-19.786009017,34.931582812,-0.414161562919617,-0.647369265556335,-0.916332840919495,19,1.0
343,-19.877307691,34.591458469,0.0265854988247156,-0.0235512107610703,-0.209394112229347,20,1.0
344,-19.893185731,34.599448242,0.203167587518692,0.305167645215988,0.082407221198082,25,0.0
345,-19.923055215,34.380844456,-0.69327437877655,-0.529804050922394,-0.777716815471649,25,0.0
346,-19.670591212,33.913979608,-0.755122780799866,-0.729770123958588,-0.96773898601532,25,0.0
347,-20.202498714,34.15105738,-0.499664008617401,-0.48764905333519,-0.734531044960022,25,0.0
348,-20.078391938,34.729033258,-0.469579190015793,-0.374738901853561,-0.624472737312317,25,0.0
349,-17.806471289,35.333150351,-0.409345507621765,-0.413552492856979,-0.654179990291595,20,1.0
350,-17.835135337,35.279375507,-0.714762032032013,-0.557636678218842,-0.829092144966125,25,0.0
351,-17.680474621,35.150505155,-0.659966230392456,-0.404155790805817,-0.651789963245392,24,0.0
352,-17.495071975,35.039570102,-0.72809374332428,-0.861488878726959,-1.10925102233887,24,0.0
353,-17.146008783,34.575947383,-0.726577997207642,-0.478256106376648,-0.740087270736694,25,0.0
354,-17.628927463,34.671815753,-0.790338814258575,-0.863152861595154,-1.12646460533142,25,0.0
355,-20.440363665,33.577043946,-0.704769194126129,-0.581218540668488,-0.839532196521759,24,0.0
356,-20.276562986,33.853308304,-0.56403374671936,-0.368235260248184,-0.635297000408173,24,0.0
357,-20.487431782,33.885163417,-0.719577610492706,-0.677403271198273,-0.914212703704834,25,0.0
358,-19.638664124,34.730946344,0.0682809948921204,0.0060959896072745,-0.231973677873611,20,1.0
359,-19.603299397,34.738044195,0.403268992900848,0.231908962130547,0.000131762586534,20,1.0
360,-19.628840626,34.741561439,1.00198900699615,0.838355898857117,0.624536871910095,20,1.0
361,-19.527168345,34.654835854,-0.717569172382355,-0.699394822120667,-0.974581599235535,25,0.0
362,-19.527567792,34.617395058,0.336757600307465,-0.0752335861325264,-0.292897582054138,25,0.0
363,-19.492386949,34.718639749,-0.6417515873909,-0.329301834106445,-0.563811302185059,25,0.0
364,-18.672487084,34.078194178,-0.421289503574371,-0.491394877433777,-0.711217939853668,20,1.0
365,-18.731162323,34.067743786,-0.359950512647629,-0.42712813615799,-0.674293518066406,20,1.0
366,-18.530044567,33.935918608,-0.452491194009781,-0.257092535495758,-0.490470975637436,25,0.0
367,-18.486901796,34.201910245,-0.724279224872589,-0.558278858661652,-0.791388034820557,25,0.0
368,-20.991550599,34.916422787,-0.568105816841125,-0.302252918481827,-0.540284276008606,24,0.0
369,-20.633974025,34.908275044,-0.608630776405334,-0.454215258359909,-0.704917311668396,25,0.0
370,-17.655252751,34.465626008,-0.684761583805084,-0.358557552099228,-0.607468247413635,25,0.0
371,-17.352381998,34.228302186,-0.689800024032593,-0.370806574821472,-0.606794118881226,25,0.0
372,-18.279865981,35.945851008,0.227705508470535,0.0644067898392677,-0.156015753746033,20,1.0
373,-18.284746457,35.847018102,-0.807950496673584,-0.508764505386353,-0.770050883293152,20,1.0
374,-18.30702964,35.935137292,-0.0756855085492134,-0.244086787104607,-0.465095162391663,20,1.0
375,-18.170493916,35.778524748,-0.759289622306824,-0.516402840614319,-0.776918411254883,25,0.0
376,-19.285717153,35.021808707,-0.831748366355896,-0.838262498378754,-1.10642898082733,25,0.0
377,-19.261680001,34.210489123,-0.139555498957634,-0.261030942201614,-0.496013134717941,20,1.0
378,-19.603229415,33.948106241,-0.677321195602417,-0.714204728603363,-0.935985267162323,25,0.0
379,-19.149435476,34.204673156,-0.64970999956131,-0.576930999755859,-0.840515315532684,24,0.0
380,-19.295541137,34.150871671,-0.590053617954254,-0.562383711338043,-0.821154534816742,25,0.0
381,-19.295430009,34.385874642,-0.764988780021667,-0.649130821228027,-0.911077737808228,25,0.0
382,-19.220502623,34.430009685,-0.804017186164856,-0.642468094825745,-0.913649916648865,25,0.0
383,-19.327925464,34.270429988,-0.728203177452087,-0.756294846534729,-0.988447487354279,25,0.0
384,-23.871364307,35.403370023,1.31644952297211,1.09149694442749,0.890235066413879,20,1.0
385,-23.878982471,35.406905695,1.15532314777374,0.868993043899536,0.678460717201233,19,1.0
386,-23.889788362,35.388917675,1.15377056598663,1.24533402919769,1.05707573890686,18,1.0
387,-23.861915533,35.406986037,0.976514995098114,0.971220314502716,0.756716966629028,20,1.0
388,-23.11306339,34.52783928,-0.672036409378052,-0.768312096595764,-1.04006385803223,25,0.0
389,-22.801342589,33.992703148,-0.648126006126404,-0.666240811347961,-0.958847761154175,25,0.0
390,-21.113982004,34.630123336,-0.316759616136551,-0.474491447210312,-0.675353765487671,25,0.0
391,-23.920848475,35.176310076,-0.124813325703144,-0.296685487031937,-0.525976896286011,24,0.0
392,-23.990776967,35.214627757,-0.0554036013782024,-0.0496695525944233,-0.251744002103806,25,0.0
393,-23.952856158,34.988317205,-0.0807064026594162,-0.348966658115387,-0.5477414727211,25,0.0
394,-23.733626716,35.073510692,-0.402014791965485,-0.762171268463135,-0.981208205223083,25,0.0
395,-24.484202607,35.02441385,0.190338999032974,0.0077668307349085,-0.191442996263504,20,1.0
396,-24.447872362,34.993061776,-0.22283373773098,-0.271670937538147,-0.478841632604599,24,0.0
397,-24.361084052,35.271635626,-0.452424168586731,-0.557797789573669,-0.800569176673889,24,0.0
398,-24.37247004,34.565137117,-0.550827503204346,-0.516330063343048,-0.770659685134888,24,0.0
399,-21.746856717,35.031988099,-0.422937601804733,-0.471515208482742,-0.711127281188965,25,0.0
400,-24.13250219,35.29306947,-0.0253254175186157,-0.12053257226944,-0.320706158876419,24,0.0
401,-24.041815735,35.480570469,-0.141381666064262,-0.207166612148285,-0.428400009870529,24,0.0
402,-24.346790164,35.080777379,-0.401176661252975,-0.522145509719849,-0.768042802810669,24,0.0
403,-24.189707227,35.218240113,-0.160725206136703,-0.215438336133957,-0.425254732370377,25,0.0
404,-22.462757573,33.735528735,-0.733443200588226,-0.824897468090057,-1.12372064590454,25,0.0
405,-23.343303452,35.379569377,1.2045910358429,1.20359802246094,1.00891804695129,20,1.0
406,-23.311822467,35.421991572,-0.165745422244072,-0.330804318189621,-0.55282998085022,24,0.0
407,-23.445052426,35.338053028,0.174453601241112,0.104435496032238,-0.0808436647057533,25,0.0
408,-23.116296368,35.441517015,-0.137986674904823,-0.267890363931656,-0.461885303258896,24,0.0
409,-23.208032301,35.370425912,-0.113188803195953,-0.195147886872292,-0.397822797298431,25,0.0
410,-23.2663605,35.106930941,-0.129151597619057,-0.259446978569031,-0.49340808391571,25,0.0
411,-22.952334074,35.197452884,-0.228815600275993,-0.383790999650955,-0.61755096912384,25,0.0
412,-23.902218354,35.273852596,-0.199498951435089,-0.298576265573502,-0.517804265022278,19,1.0
413,-23.874823414,35.34030632,0.994519472122192,0.93745744228363,0.735180497169495,20,1.0
414,-23.816023504,35.348740799,0.707182645797729,0.524374544620514,0.314464271068573,19,1.0
415,-23.847279655,35.335021909,0.836377501487732,0.719539225101471,0.514110743999481,20,1.0
416,-23.716443974,35.346080001,-0.254265993833542,-0.355501651763916,-0.566636979579926,20,1.0
417,-23.795983155,35.292498302,-0.0278549995273352,-0.077843077480793,-0.278944283723831,20,1.0
418,-23.627782452,35.369039808,-0.246001198887825,-0.29998591542244,-0.519262969493866,25,0.0
419,-23.482247568,35.329906979,-0.149977996945381,-0.356875240802765,-0.579058825969696,25,0.0
420,-23.641344641,35.226803297,-0.0856463983654976,-0.389701753854752,-0.566172480583191,25,0.0
421,-23.643455427,35.292552025,-0.201623201370239,-0.227316811680794,-0.429772168397903,25,0.0
422,-23.228936686,35.038803502,-0.0259292013943195,-0.45629608631134,-0.64325225353241,25,0.0
423,-24.197569705,34.538527712,-0.461744785308838,-0.500089883804321,-0.759608089923859,25,0.0
424,-23.699221704,34.674722927,-0.542484402656555,-0.654922485351562,-0.92402446269989,25,0.0
425,-21.982715906,35.316078153,0.883301496505737,0.910557925701141,0.701816082000732,20,1.0
426,-22.044854442,35.319810608,-0.237661048769951,-0.385157495737076,-0.614891409873962,19,1.0
427,-22.16575472,35.31417859,-0.723453223705292,-0.820886969566345,-1.10177481174469,25,0.0
428,-22.329873366,35.226393394,-0.636165976524353,-0.650521576404572,-0.883160054683685,25,0.0
429,-22.6613991,35.217084515,-0.613680005073547,-0.626846611499786,-0.883686482906342,25,0.0
430,-22.168077129,34.611756186,-0.655398786067963,-0.806870639324188,-1.09675979614258,25,0.0
431,-24.721624067,34.625527476,-0.149314403533936,-0.336823612451553,-0.532680511474609,25,0.0
432,-24.580890814,34.826434517,-0.134339600801468,-0.26725110411644,-0.477802097797394,25,0.0
433,-24.722711257,34.58187159,-0.238172799348831,-0.362219214439392,-0.573454737663269,25,0.0
434,-24.751398403,34.364860775,0.0846027955412865,-0.160506024956703,-0.323187232017517,25,0.0
435,-25.046714016,33.657103352,0.877286314964294,0.743836045265198,0.539135038852692,19,1.0
436,-25.05559792,33.670929564,1.4198249578476,1.53056645393372,1.31754398345947,20,1.0
437,-25.040667091,33.717933274,0.832659006118774,0.642981469631195,0.433374762535095,20,1.0
438,-25.056671026,33.656947441,1.10963475704193,1.08531975746155,0.876795887947083,19,1.0
439,-25.076052732,33.65667642,1.51934158802032,1.51798701286316,1.32251882553101,19,1.0
440,-25.059991,33.674802989,1.71033298969269,1.8608124256134,1.64815616607666,20,1.0
441,-25.023447815,33.100683778,0.825618922710419,0.946769714355469,0.724390685558319,19,1.0
442,-24.927117379,33.359487567,0.0492074973881245,-0.0396370515227318,-0.26627716422081,24,0.0
443,-24.949033968,33.217854456,-0.149077385663986,-0.344857901334763,-0.571479141712189,23,0.0
444,-24.827129151,33.217964209,-0.301945596933365,-0.216817259788513,-0.449479281902313,25,0.0
445,-24.978179783,32.991603402,0.0610908344388008,0.0179788917303085,-0.204105719923973,24,0.0
446,-25.276413226,33.240175116,0.665557980537415,0.565303683280945,0.356901437044144,20,1.0
447,-25.063298885,33.302290052,-0.443458795547485,-0.53126984834671,-0.775972962379456,25,0.0
448,-24.682491031,33.519899964,0.334769010543823,0.31241175532341,0.0982160568237305,20,1.0
449,-24.715107331,33.563452272,0.786346018314362,0.924402236938477,0.725938260555267,20,1.0
450,-24.61707721,33.572184273,-0.241054996848106,-0.581947565078735,-0.831682920455933,20,1.0
451,-24.688972916,33.327101076,-0.477768778800964,-0.776560962200165,-0.96384060382843,25,0.0
452,-24.115268095,33.704479011,-0.610061645507812,-0.946759402751923,-1.1905859708786,24,0.0
453,-24.74464858,33.702143494,0.136704176664352,-0.0098735410720109,-0.220027193427086,24,0.0
454,-24.785641756,33.663266166,-0.0679175034165382,-0.216246783733368,-0.385183483362198,24,0.0
455,-24.713874535,33.716412814,0.0373828001320362,-0.0837622135877609,-0.293874233961105,25,0.0
456,-22.197410469,31.644223372,-0.585366487503052,-0.619487166404724,-0.852566242218018,20,1.0
457,-22.54259035,32.513666093,-0.626398384571075,-0.932646691799164,-1.21863687038422,25,0.0
458,-24.545367861,32.975097465,0.944567978382111,0.86635810136795,0.677711009979248,20,1.0
459,-24.537128,33.005769542,0.990524768829346,1.13030743598938,0.907230317592621,19,1.0
460,-24.576140245,33.053332996,0.936814606189728,0.856859028339386,0.65370500087738,24,0.0
461,-24.75700026,33.127700646,-0.307476401329041,-0.423058569431305,-0.650288224220276,25,0.0
462,-24.524106581,32.867955601,-0.257991999387741,-0.450084209442139,-0.686357617378235,25,0.0
463,-24.679717194,33.211690202,-0.275823146104813,-0.396798074245453,-0.599294364452362,19,1.0
464,-24.762531636,33.290920087,0.395885616540909,0.294917047023773,0.0724688544869423,25,0.0
465,-24.499887686,33.033811039,0.902624011039734,0.919223427772522,0.705601871013641,20,1.0
466,-24.461455121,33.097363639,-0.408667504787445,-0.481035739183426,-0.712051510810852,24,0.0
467,-24.383980065,32.904865798,-0.110777996480465,-0.169256880879402,-0.384082019329071,25,0.0
468,-23.834450974,33.242513824,-0.398743599653244,-0.544749557971954,-0.822231471538544,25,0.0
469,-23.41435435,32.358346216,-0.327540814876556,-0.716054499149323,-0.956125140190125,25,0.0
470,-24.719269018,33.848528,-0.0554096028208733,-0.0469460189342499,-0.246014505624771,25,0.0
471,-24.691069345,34.086763396,-0.519630789756775,-0.623512446880341,-0.863520681858063,25,0.0
472,-24.846196969,34.155746824,-0.42037758231163,-0.676494896411896,-0.872641503810883,25,0.0
473,-24.799115723,34.238883698,-0.262588739395142,-0.385421693325043,-0.598366737365723,24,0.0
474,-24.948504085,34.019410855,-0.278089195489883,-0.246572986245155,-0.461310565471649,25,0.0
475,-24.778601632,33.79166879,-0.210996404290199,-0.135462209582329,-0.348004758358002,25,0.0
476,-24.743861197,34.013667098,-0.39763680100441,-0.3222296833992,-0.537887811660767,25,0.0
477,-23.925615076,32.135092689,0.229404002428055,0.159804835915565,-0.0709964856505394,25,0.0
478,-24.951347849,33.554759605,0.877410411834717,0.861009061336517,0.653123378753662,25,0.0
479,-24.994371222,33.448439493,-0.332481205463409,-0.368059515953064,-0.603996634483337,25,0.0
480,-24.872066126,33.484316008,-0.0710719972848892,0.0241096001118422,-0.196823105216026,25,0.0
481,-25.060613061,33.740734465,0.000408263556892,-0.116933576762676,-0.329914450645447,23,0.0
482,-24.865462966,33.765591747,-0.278140008449554,-0.326555550098419,-0.545698940753937,24,0.0
483,-24.883985147,33.712018156,0.148921594023705,0.175176844000816,-0.0104639027267694,25,0.0
484,-24.9277029,33.773787298,-0.285941988229752,-0.446977585554123,-0.66803365945816,25,0.0
485,-25.132480288,33.541386923,0.0393148064613342,-0.0199370607733727,-0.232392236590385,25,0.0
486,-25.936056218,32.496021126,1.6311069726944,1.18391144275665,1.00136470794678,20,1.0
487,-25.958437551,32.473289316,1.4802520275116,1.14763498306274,0.94054913520813,20,1.0
488,-25.977174,32.465121,1.36934745311737,1.06403183937073,0.862785577774048,20,1.0
489,-25.917797286,32.491978024,1.49645352363586,1.16825127601624,0.974126100540161,20,1.0
490,-25.903158473,32.464835329,1.37982845306396,1.06506597995758,0.85687792301178,20,1.0
491,-25.908000867,32.461763052,1.48128247261047,1.36057770252228,1.17283022403717,20,1.0
492,-25.876049603,32.434311576,1.29358148574829,1.12580168247223,0.914925932884216,20,1.0
493,-25.96479197,32.440646528,1.44811356067657,1.15813267230988,0.963333666324615,20,1.0
494,-25.931959632,32.473078406,1.42378902435303,0.999187052249908,0.814350783824921,20,1.0
495,-25.919249721,32.47004454,1.46477293968201,1.40489792823792,1.19021880626678,20,1.0
496,-25.905761658,32.46545824,1.38301253318787,0.972157955169678,0.806790232658386,20,1.0
497,-25.922451334,32.521916803,1.45161950588226,1.22628748416901,1.02449595928192,20,1.0
498,-25.886720389,32.541567092,1.57313299179077,1.29701888561249,1.10873758792877,20,1.0
499,-25.859541716,32.522512581,1.27961456775665,0.728094816207886,0.533735454082489,20,1.0
500,-25.87096976,32.543375175,1.74457597732544,1.4740731716156,1.29202044010162,20,1.0
501,-25.873488343,32.529809901,1.50001847743988,1.32475233078003,1.12213909626007,20,1.0
502,-25.902996252,32.517761577,1.72814905643463,1.58081007003784,1.37669861316681,20,1.0
503,-25.831181843,32.545224827,1.38580632209778,0.830033004283905,0.632229328155518,19,1.0
504,-25.860167238,32.553343622,1.51962196826935,1.25601029396057,1.05924618244171,20,1.0
505,-25.905055163,32.539382325,1.49994099140167,1.11158907413483,0.918685376644135,20,1.0
506,-25.915331026,32.527416669,1.73421204090118,1.48447227478027,1.29518949985504,20,1.0
507,-25.875002,32.558913,1.85826301574707,1.87568545341492,1.67054867744446,20,1.0
508,-25.895336,32.554846,1.44598793983459,1.03183090686798,0.842905819416046,20,1.0
509,-25.844262842,32.518455284,1.44668304920197,1.18749690055847,0.990922093391418,20,1.0
510,-25.891298009,32.485126072,1.39729404449463,1.03744757175446,0.843659520149231,20,1.0
511,-25.922160706,32.496793028,1.12737905979156,0.797686994075775,0.606328189373016,20,1.0
512,-25.879309016,32.490648028,1.69469201564789,1.49629235267639,1.30378079414368,20,1.0
513,-25.899207066,32.475047739,1.55087053775787,1.14549565315247,0.969738662242889,20,1.0
514,-25.849036224,32.471181912,1.49608552455902,1.21650624275208,1.0300520658493,20,1.0
515,-25.866292636,32.469212863,1.35003101825714,0.946229755878448,0.740504741668701,20,1.0
516,-25.903776285,32.504441079,1.62250006198883,1.13741016387939,0.947880387306213,20,1.0
517,-25.869417038,32.523073082,1.40327405929565,0.798200726509094,0.609346985816956,20,1.0
518,-25.928819502,32.493459478,1.55400848388672,1.31308794021606,1.11885678768158,20,1.0
519,-25.87491683,32.449906127,1.52446246147156,1.34052920341492,1.14512872695923,20,1.0
520,-25.880503737,32.470302423,1.50374531745911,1.30246663093567,1.0888968706131,19,1.0
521,-25.903529931,32.527828453,1.89944839477539,2.03036117553711,1.81143009662628,19,1.0
522,-25.825147065,32.426727613,0.47214350104332,0.0343314744532108,-0.16473525762558,20,1.0
523,-26.045856349,32.347106667,1.3738260269165,1.11475265026093,0.924091637134552,20,1.0
524,-26.056738223,32.361759406,0.346997201442719,-0.023644870147109,-0.228645503520966,25,0.0
525,-26.1566358,32.329442352,0.317772924900055,0.117435596883297,-0.124555669724941,24,0.0
526,-26.012295328,32.402189,0.916092932224274,0.486493051052094,0.296645969152451,24,0.0
527,-25.018551536,32.643704879,0.794447004795074,0.694269359111786,0.535605847835541,20,1.0
528,-25.026510129,32.636075924,1.20892322063446,1.11897575855255,0.909216284751892,25,0.0
529,-25.398461542,32.792382661,0.743987381458282,0.627903282642365,0.41550225019455,19,1.0
530,-25.434545321,32.784001809,0.59411895275116,0.517985939979553,0.316139966249466,19,1.0
531,-25.410468554,32.76502853,0.225149005651474,-0.0579424351453781,-0.272049993276596,20,1.0
532,-25.32710681,32.960689969,-0.716786026954651,-0.828143715858459,-1.10181391239166,25,0.0
533,-25.475319737,32.743663942,-0.184415996074677,-0.468720883131027,-0.693321168422699,25,0.0
534,-25.054000772,32.784825099,0.915279030799866,0.438083171844482,0.224938333034515,20,1.0
535,-25.172272703,32.827950524,0.28371000289917,0.126291990280151,-0.0720189213752747,25,0.0
536,-25.178311715,32.814940444,-0.154649198055267,-0.394920527935028,-0.613873302936554,25,0.0
537,-25.772707424,32.608409138,0.878908395767212,0.574073314666748,0.38954558968544,25,0.0
538,-25.823982,32.618436,2.02999353408813,1.59020364284515,1.38872098922729,25,0.0
539,-25.506731013,32.862482606,-0.240130007266998,-0.472050905227661,-0.714404881000519,24,0.0
540,-26.816736112,32.321171523,-0.396749198436737,-0.747743308544159,-0.94262832403183,25,0.0
541,-25.592739679,32.246488919,0.859183490276337,0.7308109998703,0.540324628353119,20,1.0
542,-25.708631827,32.429227812,-0.347852408885956,-0.436104387044907,-0.649281203746796,25,0.0
543,-25.443167353,31.994060629,1.52337682247162,1.23905766010284,1.01798069477081,19,1.0
544,-25.054168144,32.214422425,-0.29975625872612,-0.452119380235672,-0.689554452896118,24,0.0
545,-25.979687969,32.020023033,1.06586754322052,0.893185138702393,0.684613108634949,20,1.0
546,-26.415887099,32.233969059,-0.011938807554543,-0.0338749028742313,-0.25907775759697,25,0.0
547,-25.950169464,32.571726588,2.12686538696289,2.27948451042175,2.07452702522278,19,1.0
548,-25.967845524,32.577264017,2.15954327583313,2.36825776100159,2.15178227424622,19,1.0
549,-25.962034805,32.583981847,2.13920092582703,2.45457625389099,2.24166822433472,20,1.0
550,-25.954256642,32.588922326,2.27165627479553,2.40255665779114,2.19402480125427,19,1.0
551,-25.96431921,32.579897489,2.11890745162964,2.40917110443115,2.2034912109375,20,1.0
552,-25.977141736,32.583504804,2.22643947601318,2.40837693214417,2.19453382492065,18,1.0
553,-25.970713939,32.589454793,2.20765399932861,2.42723846435547,2.22112703323364,20,1.0
554,-25.961653003,32.591446134,2.30197095870972,2.48913550376892,2.28265500068665,20,1.0
555,-25.921250398,32.566928514,1.34494400024414,1.04788541793823,0.847455322742462,20,1.0
556,-25.9435478,32.559817368,1.55013453960419,1.34473979473114,1.14463686943054,20,1.0
557,-25.938136303,32.560676269,1.61238849163055,1.36243510246277,1.15640735626221,20,1.0
558,-25.937934478,32.548639646,1.7547504901886,1.62620997428894,1.42358005046844,20,1.0
559,-25.942087849,32.554750724,1.49863743782043,1.28727877140045,1.09886717796326,20,1.0
560,-25.952477535,32.553809613,1.20982003211975,0.602843463420868,0.411356627941132,20,1.0
561,-25.940780252,32.573731269,1.74259150028229,1.59919726848602,1.39943468570709,20,1.0
562,-25.943054122,32.558899678,1.68056750297546,1.43074822425842,1.24358880519867,20,1.0
563,-25.946516343,32.564056533,1.71739852428436,1.57190036773682,1.37097370624542,20,1.0
564,-25.944462104,32.583305719,1.56338500976562,1.25232017040253,1.05494105815887,20,1.0
565,-25.942914024,32.576323,1.5985209941864,1.24841237068176,1.0627521276474,20,1.0
566,-25.952200044,32.590478791,1.67955899238586,1.41041612625122,1.21771848201752,20,1.0
567,-25.957271148,32.582803837,1.7417573928833,1.45806288719177,1.27143979072571,19,1.0
568,-25.932936095,32.602856828,1.77466785907745,1.61303019523621,1.42071008682251,19,1.0
569,-25.931660164,32.596953353,1.59307754039764,1.2952024936676,1.10497438907623,20,1.0
570,-25.947309106,32.596806547,1.71973252296448,1.41940796375275,1.22709107398987,20,1.0
571,-25.947521125,32.603666019,1.22044217586517,0.677643477916718,0.482551753520966,18,1.0
572,-25.944639217,32.595265172,1.64826655387878,1.33571088314056,1.12891137599945,20,1.0
573,-25.927498337,32.604697529,1.73428845405579,1.46345055103302,1.26681554317474,19,1.0
574,-25.930505292,32.62640735,1.34702551364899,0.79056978225708,0.60291975736618,20,1.0
575,-25.941215833,32.576924331,1.63115000724792,1.31719923019409,1.12658071517944,20,1.0
576,-25.839178407,32.638181538,1.51657736301422,1.13594806194305,0.962241947650909,19,1.0
577,-25.891716544,32.663465778,1.17861199378967,0.972911894321442,0.774491429328918,20,1.0
578,-25.917810294,32.613830561,1.39106452465057,1.00258183479309,0.819253861904144,20,1.0
579,-25.910852124,32.60518313,1.94488048553467,1.90695250034332,1.71119928359985,20,1.0
580,-25.924853368,32.610133988,2.04672455787659,1.99518585205078,1.79945254325867,20,1.0
581,-25.930117672,32.591886918,1.61340546607971,1.37181985378265,1.18791103363037,20,1.0
582,-25.932150967,32.59477937,1.57946956157684,1.22944259643555,1.0303065776825,20,1.0
583,-25.895353295,32.598877383,1.70276045799255,1.56351935863495,1.35894358158112,20,1.0
584,-25.892102795,32.593842524,1.70905649662018,1.5128481388092,1.30392646789551,20,1.0
585,-25.923273223,32.576120704,1.47363555431366,1.12906718254089,0.937790870666504,20,1.0
586,-25.867727874,32.614444163,1.57332599163055,1.36254489421844,1.16584730148315,20,1.0
587,-25.866592754,32.621730783,1.59329652786255,1.39648973941803,1.20652770996094,20,1.0
588,-25.919873746,32.586771505,1.76246547698975,1.40195071697235,1.22251844406128,20,1.0
589,-25.927244895,32.589460544,1.63416850566864,1.33481335639954,1.14301240444183,20,1.0
590,-25.887806293,32.61621281,1.87453699111938,1.82763922214508,1.63070130348206,20,1.0
591,-25.896702646,32.61214896,1.73907148838043,1.57627749443054,1.37958645820618,20,1.0
592,-25.913545028,32.604766284,1.42519426345825,1.04600846767426,0.869184613227844,19,1.0
593,-25.906876952,32.564286455,1.57479298114777,1.41882383823395,1.23348927497864,20,1.0
594,-25.879187601,32.576317421,1.70711147785187,1.54985499382019,1.3458240032196,20,1.0
595,-25.897898973,32.576817379,1.59537732601166,1.27030265331268,1.08802950382233,19,1.0
596,-25.916870344,32.55469008,1.44624602794647,1.05687570571899,0.876161754131317,20,1.0
597,-25.922122195,32.560204455,1.52422404289246,1.29100906848907,1.09940159320831,20,1.0
598,-25.934126506,32.535692005,1.99037194252014,2.0029308795929,1.80166971683502,20,1.0
599,-25.921182406,32.546104955,1.687863945961,1.3920578956604,1.20356631278992,20,1.0
600,-25.941028865,32.540562335,1.30929350852966,0.862126588821411,0.675847470760345,20,1.0
601,-25.861672085,32.605544684,1.49719500541687,1.17476856708527,0.975716710090637,20,1.0
602,-25.882106,32.595626263,1.78023898601532,1.63614618778229,1.44511461257935,20,1.0
603,-25.90376761,32.556253472,1.76300144195557,1.58799779415131,1.40112495422363,20,1.0
604,-25.8979459,32.586719369,1.6927855014801,1.46948039531708,1.27547788619995,20,1.0
605,-25.830267,32.571853,1.56165397167206,1.454146027565,1.25080156326294,20,1.0
606,-25.857604395,32.567020157,1.73389554023743,1.56803929805756,1.38110876083374,20,1.0
607,-25.845273307,32.610602542,1.68250298500061,1.4909793138504,1.2987904548645,20,1.0
608,-25.821024,32.595145,1.39638698101044,1.12087941169739,0.931657433509827,20,1.0
609,-25.847312382,32.594392568,1.73340737819672,1.52477490901947,1.33257687091827,19,1.0
611,-26.011408,32.931726,0.203095987439156,0.236330881714821,0.0225538648664951,20,1.0
